uri,danceability,energy,key,loudness,mode,speechiness,acousticness,instrumentalness,liveness,valence,tempo
spotify:track:41tTurAQi6EnvoijjUf0rk,0.714,0.864,0,-5.824,1,0.0339,0.0646,9.1e-05,0.186,0.802,126.047
spotify:track:7rU6Iebxzlvqy5t857bKFq,0.648,0.875,2,-5.141,0,0.034,0.0747,9.64e-05,0.196,0.857,102.517
spotify:track:6qziCLmMT1n8IevVTWl950,0.301,0.308,10,-10.733,0,0.0312,0.911,1.87e-05,0.223,0.254,96.32
spotify:track:2yJ9GVCLMmzBBfQAnfzlwr,0.927,0.535,6,-7.59,0,0.0911,0.0855,0,0.136,0.336,112.96
spotify:track:5uEYRdEIh9Bo4fpjDd4Na9,0.841,0.593,1,-7.846,1,0.0379,0.418,0,0.124,0.808,124.917
spotify:track:6N42xAGv2oUIUDuJ0IIjD7,0.608,0.847,0,-8.683,0,0.0329,0.112,0.828,0.357,0.424,151.977
spotify:track:5zWZ9iNevP0397xB3jWV2z,0.783,0.836,0,-9.223,0,0.0486,0.396,0.0236,0.135,0.831,108.966
spotify:track:5q1pDq0GQeh1Vy8yJP9TO4,0.704,0.413,4,-6.465,1,0.0728,0.754,0,0.25,0.89,95.851
spotify:track:6SOw5YcoAXoKphG5iPzXEz,0.312,0.377,0,-5.395,1,0.0335,0.848,9.73e-05,0.0994,0.305,131.698
spotify:track:6H2RtOSiSjCVyqKpgjgIZ3,0.284,0.189,7,-9.282,1,0.0303,0.979,0.765,0.176,0.0727,78.266
spotify:track:5OFKWrKbS8iTIGxgjyHDzW,0.543,0.667,8,-7.333,1,0.0633,0.0165,2.69e-05,0.15,0.196,162.067
spotify:track:2XIc1pqjXV3Cr2BQUGNBck,0.856,0.618,7,-4.892,1,0.286,0.0303,0,0.0866,0.391,81.993
spotify:track:4WUnM4KNZ0kjp0CUeoyOnS,0.532,0.407,6,-9.658,0,0.0233,0.235,0,0.117,0.23,83.207
spotify:track:7MYmo0JJJDmu4MZTSAF9y3,0.631,0.516,8,-8.225,1,0.0353,0.413,0,0.115,0.18,116.654
spotify:track:3kVIFDE3G89I2RPVkiRaRj,0.685,0.38,8,-11.219,1,0.112,0.373,0,0.0371,0.87,175.562
spotify:track:3nXrCAE44KlevAkQB2XWcN,0.514,0.506,10,-7.095,0,0.28,0.402,2.56e-05,0.191,0.312,88.044
spotify:track:1vbe9sh7U9vdMceAhitWr2,0.614,0.369,8,-15.182,1,0.0353,0.678,0.00235,0.143,0.733,143.319
spotify:track:4G1qRhOk1YY0kewtMaCrMC,0.643,0.486,4,-10.443,0,0.0278,0.337,3.86e-06,0.702,0.146,138.151
spotify:track:3w8Mw9GHYepoTWOSdiyosj,0.746,0.443,1,-7.693,0,0.0771,0.282,0,0.14,0.272,119.311
spotify:track:4lRrk574qIHpoEEKC1zuam,0.626,0.441,9,-10.637,0,0.0308,0.761,0.0138,0.0685,0.563,78.094
spotify:track:0W4NhJhcqKCqEP2GIpDCDq,0.688,0.519,5,-4.285,1,0.0283,0.064,0,0.1,0.318,116.714
spotify:track:5u3FywQOPJ5O7ZAjm31cnq,0.601,0.74,9,-5.043,0,0.0573,0.0299,0.332,0.0937,0.672,94.013
spotify:track:1oOEkBNp4zWnkD7nWjJdog,0.586,0.512,8,-8.819,0,0.0668,0.723,0.0002,0.119,0.235,75.857
spotify:track:3MAgQuClHcAV8E9CbeBS6f,0.512,0.598,9,-4.959,0,0.115,0.611,0,0.0881,0.345,70.189
spotify:track:1VbiENVGHwF5Y70Ywotwe1,0.595,0.396,0,-16.103,1,0.0344,0.688,0.275,0.132,0.22,100.018
spotify:track:1KOGBw8kuawbxJWqcHypy0,0.495,0.703,6,-5.825,1,0.0506,0.00126,0.0652,0.0686,0.0546,121.961
spotify:track:0u2P5u6lvoDfwTYjAADbn4,0.351,0.296,4,-10.109,0,0.0333,0.934,0,0.095,0.12,115.284
spotify:track:0U3u0HdRQjD8mAMYBak4Ok,0.607,0.451,4,-8.206,1,0.0286,0.0604,0,0.19,0.676,94.054
spotify:track:0RWpk45QZEh3l3LcM6TL7q,0.383,0.504,2,-5.611,1,0.0368,0.676,0,0.101,0.187,133.838
spotify:track:1bSpwPhAxZwlR2enJJsv7U,0.255,0.393,5,-10.654,1,0.0278,0.0577,0.00361,0.113,0.118,76.426
spotify:track:2MZSXhq4XDJWu6coGoXX1V,0.558,0.0259,8,-30.016,1,0.0458,0.996,0.871,0.0969,0.37,157.811
spotify:track:0COiZ7ncho2yi4HotbzgPv,0.134,0.129,7,-16.128,1,0.0341,0.921,0.697,0.13,0.0435,93.668
spotify:track:633uP66CxkLqwIWmgUZrl2,0.341,0.263,4,-11.229,1,0.0358,0.967,0.0166,0.156,0.403,128.854
spotify:track:4SFBV7SRNG2e2kyL1F6kjU,0.221,0.126,0,-25.427,1,0.0447,0.989,0.897,0.102,0.216,133.63
spotify:track:0KOE1hat4SIer491XKk4Pa,0.212,0.383,10,-10.071,1,0.0347,0.723,0,0.299,0.452,173.79
spotify:track:36AlMHDBFwSsD3FQOy1R81,0.587,0.133,9,-15.151,0,0.0565,0.186,2.26e-05,0.258,0.068,102.938
spotify:track:1aj4GXfmEYXfdVZohCpNKu,0.883,0.464,10,-11.251,1,0.0591,0.279,1.51e-05,0.0744,0.925,111.548
spotify:track:3zBhihYUHBmGd2bcQIobrF,0.769,0.367,2,-11.226,1,0.0312,0.684,1.62e-05,0.081,0.535,103.621
spotify:track:4EUlszQIxlPwiHJ6e6j6Gy,0.739,0.566,11,-13.534,1,0.0335,0.384,3.1e-06,0.0735,0.739,114.045
spotify:track:4a6q8CR2hzLk2plDkSxkfD,0.812,0.519,2,-4.823,1,0.0385,0.379,0,0.13,0.554,104.954
spotify:track:1OQEF0LsL7KMQmBZSiUcdE,0.34,0.724,6,-8.572,0,0.416,0.388,0.000371,0.139,0.365,191.604
spotify:track:11ohYWiNcQLwMRrOo88ikv,0.84,0.931,5,-2.108,0,0.058,0.0378,2.95e-06,0.306,0.967,95.002
spotify:track:5oBMyeX0QVZmRNeNyCb1YO,0.727,0.955,8,-8.28,1,0.0627,0.00351,0.887,0.15,0.744,124.987
spotify:track:1bk1e97WRD93cTjt47VFdz,0.912,0.505,8,-6.988,1,0.193,0.0642,0,0.337,0.745,102.01
spotify:track:0UaMYEvWZi0ZqiDOoHU3YI,0.904,0.813,4,-7.105,0,0.121,0.0311,0.00697,0.0471,0.81,125.461
spotify:track:3jagJCUbdqhDSPuxP8cAqF,0.884,0.677,1,-5.603,1,0.283,0.0778,0,0.0732,0.584,101.868
spotify:track:6zsk6uF3MxfIeHPlubKBvR,0.797,0.75,0,-9.369,1,0.247,0.533,0.108,0.095,0.74,177.87
spotify:track:6nBQFAIVFmAx2oZ8p6lUg6,0.833,0.722,1,-5.563,1,0.136,0.0573,1.14e-05,0.358,0.588,107.019
spotify:track:6CbcdeTQKj0qTaZTt0xkdk,0.727,0.515,2,-6.553,0,0.0289,0.241,3.74e-06,0.124,0.695,89.488
spotify:track:6pWzCKTrKrwbUPzY8RLCoP,0.71,0.797,4,-3.006,0,0.0582,0.408,0,0.16,0.849,94.998
spotify:track:6zMUIb4uce1CzpbjR3vMdN,0.665,0.695,0,-5.763,1,0.0532,0.347,0,0.106,0.707,90.119
spotify:track:0nMy2qZ3UXvV1WCosahGTW,0.722,0.567,7,-8.227,0,0.0294,0.198,0,0.0743,0.634,91.911
spotify:track:6tDxrq4FxEL2q15y37tXT9,0.773,0.54,6,-7.123,1,0.103,0.371,0,0.131,0.322,84.115
spotify:track:6uRH1qMz30ZBwwUG0IYE5s,0.912,0.511,9,-6.365,1,0.203,0.0259,0,0.0442,0.611,101.628
spotify:track:2qPx2QWd7vp8XxgeD9Wn5W,0.788,0.626,0,-8.582,1,0.354,0.262,0,0.0791,0.74,87.96
spotify:track:6KoaqyDrVtZmlWET7Nf9Ez,0.854,0.524,6,-5.421,0,0.209,0.346,0,0.0684,0.792,92.587
spotify:track:4AE7Lj39VnSZNOmGH2iZaq,0.874,0.63,1,-3.585,1,0.298,0.0578,0.00479,0.0582,0.717,95.0
spotify:track:7MQywXGHEev7JmwwIzMcao,0.767,0.551,0,-7.328,1,0.0616,0.00364,0,0.0451,0.796,100.904
spotify:track:0GCr34G7GoGu5eo0VXHoQb,0.767,0.641,6,-8.333,0,0.0791,0.00162,0.76,0.111,0.0376,115.991
spotify:track:1qbXrxctv75pm1lWCn6Zw3,0.701,0.663,6,-7.227,1,0.202,0.0123,1.04e-05,0.131,0.334,100.001
spotify:track:1WwdJXBxpYiCx16tFaJSuc,0.851,0.498,6,-4.615,0,0.0628,0.399,0,0.107,0.537,142.075
spotify:track:3eNSdI9oriVPpuqkpO4h31,0.545,0.35,7,-13.155,1,0.0264,0.541,2.18e-05,0.122,0.736,96.239
spotify:track:73cn6vDBBOS74HXf27l9t4,0.653,0.7,11,-15.138,0,0.038,0.692,0.859,0.102,0.51,132.944
spotify:track:02BwlHD6hUNn3kzySLfqMq,0.617,0.5,6,-5.747,1,0.034,0.386,0.00521,0.107,0.516,90.026
spotify:track:3eoNUm0LU9hATVVi9w4fM6,0.569,0.84,1,-4.123,1,0.118,0.0295,0.000118,0.0995,0.749,183.059
spotify:track:50aTwBKhPD3D3BW04UtjmA,0.548,0.655,7,-6.05,1,0.11,0.00478,0,0.125,0.183,179.884
spotify:track:3ClBKQkKoaUQ6UOhe2xlJK,0.794,0.32,1,-12.92,0,0.173,0.853,0.134,0.112,0.241,174.088
spotify:track:20MuVazoNMv6xjKPnRFOxG,0.741,0.645,11,-5.116,0,0.0963,0.192,0,0.163,0.488,149.07
spotify:track:2WuzAwiZzest2eONspeXMA,0.793,0.851,7,-6.303,1,0.0599,0.000107,0.669,0.032,0.62,120.002
spotify:track:6sHsXIJoEN5JpdkGMQDJxt,0.704,0.707,1,-6.537,0,0.0391,0.539,0.00106,0.318,0.761,93.145
spotify:track:48JAAdtKgOQ4u4QRER6bJX,0.6,0.556,1,-7.294,1,0.026,0.624,0.00735,0.0837,0.233,105.957
spotify:track:0ncKBXed6bqjse7FZJHydU,0.681,0.297,3,-7.778,0,0.0306,0.802,0,0.222,0.248,98.502
spotify:track:5aMY3ni10LaqUldipYyUSd,0.686,0.441,11,-7.81,1,0.0261,0.473,0,0.0883,0.593,93.98
spotify:track:6tBD4yjOf9P8rWwUlXdJFm,0.698,0.533,2,-6.246,1,0.0437,0.542,0,0.333,0.275,134.001
spotify:track:6LoQHIo74tOzQ8EsLEkhgF,0.546,0.787,7,-4.1,0,0.0517,0.0101,0.00021,0.0809,0.573,79.979
spotify:track:1oFiPGBafH9Woo9AMwgBSl,0.617,0.879,0,-7.564,0,0.0455,0.127,5.71e-05,0.339,0.746,114.453
spotify:track:56HHp4XoDpUvDVWI6heIfr,0.533,0.908,0,-8.688,1,0.13,0.0324,2.13e-05,0.0732,0.559,121.541
spotify:track:3kOjVFw4sgfAl3BhPBQubG,0.71,0.19,4,-11.137,1,0.0401,0.697,0,0.0788,0.495,105.14
spotify:track:70RK8WEbDBmekhXKtqI1Ej,0.653,0.355,1,-12.43,0,0.0456,0.317,3.85e-05,0.116,0.406,155.988
spotify:track:2W8d6AkRCP2qD89z1zK5MJ,0.917,0.541,0,-8.345,1,0.0944,0.145,3.25e-05,0.0409,0.752,101.005
spotify:track:4BokCZjL92n7h7Q1OaTGPf,0.376,0.355,4,-7.772,1,0.0407,0.597,0,0.11,0.37,98.232
spotify:track:360FnLgZGXLTy0twHgB2PS,0.525,0.892,5,-9.613,0,0.045,0.646,0.923,0.0934,0.767,186.258
spotify:track:174rZBKJAqD10VBnOjlQQ3,0.684,0.455,5,-8.216,1,0.0307,0.215,1.08e-06,0.263,0.487,97.956
spotify:track:1rsjEh7NopIh4Rx67P7ta6,0.395,0.5,0,-6.111,1,0.0347,0.727,0,0.113,0.268,145.716
spotify:track:31er9IGsfFbwqy1pH4aiTP,0.541,0.401,0,-10.499,1,0.0365,0.576,0,0.164,0.24,152.943
spotify:track:1jisR33Bck5thSyt75iR2c,0.677,0.478,9,-6.891,1,0.0448,0.595,0,0.298,0.232,134.08
spotify:track:6nIcGJK6Pj1ThzC6r8O8hA,0.491,0.73,2,-4.399,0,0.0432,0.039,0,0.112,0.461,87.098
spotify:track:7IljDTNkQEyy77CcaRbiAj,0.231,0.477,10,-7.748,1,0.029,0.747,2.61e-06,0.122,0.235,95.969
spotify:track:6dZ6qWl1e9GsMndBG7vqB9,0.701,0.692,9,-4.67,0,0.115,0.699,0,0.177,0.688,90.193
spotify:track:4YZaLNrZgiEztlf4TLMJuD,0.638,0.497,10,-6.257,0,0.0368,0.0341,0,0.136,0.505,126.006
spotify:track:3hc7PLcmuZbJGPjhIore1i,0.394,0.821,6,-4.304,0,0.0404,0.00302,0.019,0.186,0.509,82.764
spotify:track:7oeAmjYo4MJDklImlVSavw,0.817,0.596,1,-6.426,0,0.065,0.235,0,0.389,0.809,130.102
spotify:track:4ZEfDHV29vbM5conksivxy,0.764,0.784,9,-6.511,1,0.208,0.0121,0,0.0778,0.372,112.973
spotify:track:7pueMCX3VIGy3pM83PuCMz,0.715,0.725,0,-4.943,1,0.0511,0.0202,0.000206,0.239,0.529,120.011
spotify:track:47TqCCnEliDp8NRDyIQoQq,0.761,0.639,5,-7.577,0,0.0539,0.0359,0,0.0945,0.922,164.088
spotify:track:312WNtMs3F28cUukaPY9bo,0.658,0.623,0,-6.934,1,0.0398,0.0683,0,0.321,0.207,100.436
spotify:track:3m2fuTHJMXCnxiIBilSQrE,0.547,0.717,11,-11.532,1,0.0803,0.00156,0.825,0.134,0.611,135.02
spotify:track:2pSbGaFMqJFABUnPKhBeP4,0.437,0.886,7,-4.392,1,0.0642,0.0136,0,0.357,0.753,156.168
spotify:track:1CuefebBgws7i3xpkVPFbw,0.501,0.782,1,-4.067,0,0.0298,0.000978,0.00112,0.0835,0.431,127.092
spotify:track:1i5oEx2vFczQ2sCY3c6Kn5,0.485,0.328,7,-11.853,1,0.0254,0.00596,0.0032,0.325,0.138,79.766
spotify:track:5cQB9fbuQCz4muQUFkv3rR,0.347,0.578,8,-7.525,1,0.0626,0.445,0,0.231,0.226,86.73
spotify:track:07IlTJZln2vfZtJ7vR4IMf,0.631,0.709,3,-3.279,1,0.0698,0.285,0,0.236,0.525,77.539
spotify:track:5JXiWu9sTkRyOEyC1OQeJM,0.848,0.449,7,-8.92,1,0.0366,0.595,6.39e-05,0.165,0.655,88.032
spotify:track:1ghlpxVfPbFH2jenrv9vVw,0.471,0.411,2,-15.755,1,0.041,0.733,0.853,0.28,0.282,79.986
spotify:track:3hQ3u1yJvWKCOZzUHVzYxS,0.592,0.489,1,-10.509,1,0.0385,0.806,1.25e-05,0.116,0.196,98.47
spotify:track:6MlM7j7otOKpa0jFi8htxm,0.618,0.368,8,-16.462,0,0.0363,0.769,0.0113,0.122,0.769,164.871
spotify:track:5spAjqC772iC2KzDvEkmSr,0.332,0.22,5,-13.157,1,0.036,0.821,0.000205,0.245,0.0719,100.196
spotify:track:2yOm4lN7aTygtXanJFNFWU,0.571,0.232,10,-11.309,1,0.0699,0.604,0.000246,0.119,0.207,128.785
spotify:track:6AgDFWLbbAt2migXMbrhXT,0.733,0.566,8,-12.06,0,0.039,0.0966,0,0.074,0.775,141.94
spotify:track:5UqivtkoiPTXrJu6GIt1mh,0.531,0.269,1,-10.6,1,0.0406,0.866,0,0.116,0.52,84.186
spotify:track:7aQjPecQdIuNd1sz3KCDhD,0.704,0.636,9,-6.029,1,0.0252,0.0344,0,0.35,0.89,111.845
spotify:track:6a5jHgwqYMk9wlYJYfs3c9,0.658,0.711,2,-7.424,0,0.0425,0.0759,1.77e-05,0.0446,0.614,172.365
spotify:track:4L46sysb98XMHmAur6VerM,0.37,0.299,6,-10.012,1,0.0368,0.962,0.00139,0.201,0.303,112.037
spotify:track:5cJkLR7M84R92ZDH7cHYQS,0.856,0.429,11,-6.964,1,0.0586,0.195,6.66e-06,0.0453,0.51,116.073
spotify:track:0qKKE7sLRt9jqG0b04w7Es,0.614,0.474,7,-9.007,1,0.033,0.492,0,0.0877,0.206,120.085
spotify:track:3JmUG6cpImbmpU4oIJiCPm,0.693,0.599,0,-6.643,1,0.0256,0.328,6.52e-06,0.167,0.753,131.977
spotify:track:4X0n2CXP1iYeanqncTPSG9,0.723,0.485,10,-10.558,1,0.0261,0.443,1.51e-05,0.373,0.23,105.966
spotify:track:3333YXdcyths5CB8v28dZj,0.592,0.2,1,-16.392,1,0.0344,0.823,0,0.101,0.382,172.647
spotify:track:4eO6lK0DFBuVA5hgB2B1uv,0.688,0.00643,8,-20.06,1,0.0459,0.985,0.000109,0.111,0.234,70.724
spotify:track:3YKptz29AsOlm7WAVnztBh,0.584,0.533,10,-7.11,0,0.0305,0.684,0,0.306,0.224,131.745
spotify:track:6MXeTGKPhVuaifyloxs8tL,0.555,0.698,0,-8.874,1,0.0287,0.403,0,0.0851,0.816,168.12
spotify:track:4WrUZTGFXeZNxpRDKU18Y1,0.616,0.51,1,-7.994,1,0.0323,0.289,0,0.104,0.193,119.973
spotify:track:75Zt3w8c8ElZUHgkDanozH,0.728,0.438,0,-9.532,1,0.0281,0.5,0,0.0919,0.336,130.326
spotify:track:2zItQNJrVrTioXTXWiI2ed,0.754,0.472,8,-11.787,1,0.0807,0.257,2.09e-05,0.121,0.613,169.199
spotify:track:1WtkrKWpfFx75erK1VqtQh,0.34,0.336,8,-7.288,1,0.0289,0.765,0.000114,0.126,0.0932,142.631
spotify:track:1urmwhtXPiakhcqvqUi3rp,0.566,0.573,5,-7.21,1,0.0436,0.25,0,0.0723,0.313,116.067
spotify:track:5X8kkUaUlAyAUr9TYqDFTH,0.753,0.934,2,-3.011,1,0.0736,0.0174,0.065,0.128,0.73,113.525
spotify:track:72T5smavl9ONfOwI0gHf1A,0.627,0.539,0,-8.529,0,0.0328,0.346,0,0.192,0.754,112.259
spotify:track:5c6V4X6i91zq3B9adnFjEL,0.566,0.748,11,-5.807,1,0.0377,0.0154,0.000468,0.0755,0.261,135.845
spotify:track:3l9OCOG3Vt6c2lxeMyGSIY,0.355,0.126,11,-13.801,1,0.0301,0.909,0.000337,0.131,0.102,109.769
spotify:track:7ySbfLwdCwl1EM0zNCJZ38,0.568,0.495,1,-8.964,1,0.0299,0.353,0,0.0839,0.303,128.234
spotify:track:5zn1hpm9N0ylKB7kOtpCw2,0.721,0.723,2,-7.08,0,0.0631,0.102,4.4e-06,0.0651,0.761,88.933
spotify:track:28m6MjBq0EAAuBkZcUouQu,0.678,0.838,1,-4.963,0,0.0301,0.104,0.00131,0.209,0.276,134.048
spotify:track:1AM1o0mKbgAK5oMpY8B3Z7,0.592,0.562,10,-6.869,0,0.0239,0.00373,3.23e-05,0.223,0.208,90.16
spotify:track:3c6afiysmB7OnxQzzSqRfD,0.656,0.479,7,-7.055,0,0.0348,0.0665,0.00272,0.168,0.708,184.374
spotify:track:2E9Zp0uxsOmqbmy0C6Fi4N,0.561,0.354,9,-10.34,1,0.0494,0.54,0,0.771,0.408,130.642
spotify:track:1RS3LStQYhju50eBdD9Uul,0.348,0.532,10,-5.882,1,0.0331,0.592,0,0.106,0.148,129.297
spotify:track:6fYzIQu8GcVolShnuIsB4B,0.79,0.874,8,-5.56,0,0.0812,0.0355,2.99e-05,0.0823,0.771,127.872
spotify:track:7qEHsqek33rTcFNT9PFqLf,0.501,0.405,1,-5.679,1,0.0319,0.751,0,0.105,0.446,109.891
spotify:track:2neMQfiGrFXt2vKgvV8Yid,0.615,0.386,7,-10.276,0,0.0337,0.655,0,0.107,0.474,120.89
spotify:track:71EHOyEOhNx1SzTebRRyng,0.693,0.533,2,-10.954,0,0.0402,0.107,0,0.0695,0.568,127.661
spotify:track:4kbz7rHVbyjKasuuqelccQ,0.512,0.525,5,-6.823,1,0.0401,0.327,3.3e-06,0.081,0.294,169.951
spotify:track:4oGTdOClZUxcM2H3UmXlwL,0.495,0.595,11,-7.57,1,0.0443,0.246,0,0.236,0.392,85.341
spotify:track:3hYctzBStAGPRvahcZmJJF,0.608,0.531,0,-9.549,1,0.028,0.534,7.17e-06,0.183,0.328,110.092
spotify:track:7tjbm60E0t7SerbiG61cce,0.765,0.48,8,-7.896,1,0.0448,0.0434,0.0147,0.0687,0.641,134.035
spotify:track:2N5CvukjQqiWxjzZLMqqBN,0.776,0.563,0,-8.84,1,0.0324,0.223,0.00611,0.0681,0.395,131.728
spotify:track:2x5qF66rFO6DERBMNkQAqn,0.58,0.922,1,-3.785,1,0.0957,0.0917,0,0.189,0.649,89.841
spotify:track:4alLyN9my0O1SD9y097cPl,0.709,0.469,11,-7.083,0,0.0278,0.504,0,0.045,0.256,113.986
spotify:track:0gPQTLaqHDgdupKEok7J2x,0.659,0.812,4,-7.499,0,0.0487,0.23,0,0.0951,0.888,83.014
spotify:track:7yxwAEwY9LD120AcB4nGJx,0.636,0.558,7,-7.076,1,0.0245,0.462,0,0.062,0.572,100.113
spotify:track:4T26YGUHTE5LLbb8xnTHPL,0.677,0.617,6,-5.075,1,0.031,0.126,0,0.0447,0.555,98.062
spotify:track:1YqxCr7R5HSOg9s9X137HO,0.774,0.614,1,-4.582,1,0.0393,0.251,0,0.0605,0.193,129.979
spotify:track:7Ewz6bJ97vUqk5HdkvguFQ,0.382,0.589,9,-7.315,0,0.0267,0.0465,0,0.122,0.335,140.059
spotify:track:63CHa6rmamv9OsehkRD8oz,0.58,0.498,1,-6.901,1,0.0277,0.198,0,0.132,0.111,116.271
spotify:track:2oCYHHkzCMpVKkfaO07m5v,0.527,0.442,1,-7.131,1,0.0273,0.202,0,0.104,0.287,131.186
spotify:track:5TGHpNdHeV5cqsJfkOO4Zd,0.669,0.297,4,-20.375,1,0.031,0.483,0.0952,0.111,0.627,140.554
spotify:track:7dQC53NiYOY9gKg3Qsu2Bs,0.513,0.262,0,-16.875,1,0.0276,0.313,5.51e-06,0.456,0.357,108.383
spotify:track:4fZDZMgyWBxTg2Rc4OHVtB,0.569,0.591,8,-7.399,1,0.0307,0.165,6.65e-06,0.132,0.431,130.868
spotify:track:4c0rkFPszqQTyC753tsCMU,0.885,0.477,6,-9.196,0,0.0664,0.000131,0.000664,0.336,0.691,130.078
spotify:track:32B8AiPUAmlzbS7ayCsMF7,0.504,0.642,8,-5.059,1,0.0277,0.0392,0.00025,0.298,0.254,158.031
spotify:track:5919i3Sp9U2IE5m7hhlgSw,0.381,0.415,0,-10.298,1,0.0691,0.675,0,0.0795,0.257,61.908
spotify:track:5MDQNJ7SZTytJwCbWKqJDL,0.41,0.468,11,-8.177,1,0.0553,0.298,1.19e-05,0.0426,0.475,177.508
spotify:track:2ttZiP54qV6URjYIEypEZJ,0.829,0.915,8,-3.205,1,0.106,0.226,1.25e-05,0.246,0.779,118.903
spotify:track:4pmc2AxSEq6g7hPVlJCPyP,0.771,0.685,1,-4.639,1,0.0567,0.00543,0.00157,0.0537,0.683,88.997
spotify:track:0BUoLE4o9eVahDHvTqak67,0.648,0.622,7,-6.063,1,0.0428,0.00152,5.97e-05,0.109,0.51,88.684
spotify:track:2aBxt229cbLDOvtL7Xbb9x,0.65,0.531,4,-8.335,1,0.0364,0.457,0,0.249,0.487,78.946
spotify:track:7vqcDtNvoJn5pXhktc8qe8,0.69,0.739,3,-11.513,0,0.059,0.0127,0.905,0.0744,0.384,125.007
spotify:track:4ApmPo6H0bH7PExQV25LDh,0.611,0.571,2,-9.441,1,0.0317,0.0195,0.815,0.0988,0.039,123.0
spotify:track:4NjR63Up0uMkQBlKvlZd1l,0.655,0.54,9,-6.482,1,0.0516,0.268,0,0.068,0.43,79.983
spotify:track:6xkryXuiZU360Lngd4sx13,0.669,0.727,7,-7.588,1,0.0353,0.139,0,0.123,0.807,102.322
spotify:track:2M2WJ7gBlcKNxdhyfPp9zY,0.784,0.713,0,-6.865,1,0.0339,0.447,0.14,0.0904,0.97,115.443
spotify:track:5lgZax3wvO1oW3Bn0p9veJ,0.634,0.488,0,-7.163,1,0.0255,0.433,0.0208,0.141,0.281,99.95
spotify:track:0uEp9E98JB5awlA084uaIg,0.535,0.505,2,-8.926,0,0.245,0.0393,0,0.0923,0.495,99.935
spotify:track:43zr9kKkeiQrshvYuvNtfM,0.738,0.914,2,-4.203,1,0.0434,0.144,0.00099,0.182,0.935,127.885
spotify:track:1GrikfH0jDejDvrxo84n4P,0.873,0.593,7,-8.942,1,0.103,0.078,0.00697,0.104,0.495,123.091
spotify:track:3ClOMebBxeNTYCOfTH24YJ,0.91,0.641,7,-11.316,1,0.0589,0.0258,6.42e-05,0.0642,0.903,118.533
spotify:track:4k0bXm9Q4RaTuYi09i4lKK,0.86,0.705,10,-12.514,0,0.0894,0.107,8.87e-06,0.149,0.854,134.395
spotify:track:3HszEQiMdPTNcglWcnMGk3,0.268,0.56,2,-6.734,0,0.0471,0.521,0.207,0.0782,0.334,178.766
spotify:track:4jzLgYOoNF9TBU8EItFSFp,0.682,0.396,3,-7.316,0,0.0336,0.544,0.000687,0.081,0.206,126.041
spotify:track:7bvBOzSYbzUMg9ElqkWQiA,0.486,0.934,0,-3.253,1,0.0701,0.00248,0,0.0892,0.765,170.007
spotify:track:2w6zOxgxy8XZDCPcGtuYQY,0.435,0.933,2,-5.572,1,0.0851,0.0133,0,0.229,0.374,169.976
spotify:track:08Uz2WDG2HpZwCX7qOn7OJ,0.771,0.849,6,-7.241,0,0.0522,0.000847,0.768,0.0839,0.293,119.994
spotify:track:13QBrKQx6FEl03szDe5AOp,0.446,0.361,6,-12.262,1,0.0445,0.012,0.00806,0.0821,0.0902,122.996
spotify:track:30QNjcM3Q1GnLFIIJjWQL1,0.388,0.0859,7,-16.061,0,0.0472,0.969,7.35e-05,0.108,0.19,88.253
spotify:track:1iQDltZqI7BXnHrFy4Qo1k,0.619,0.459,7,-5.782,0,0.0334,0.56,0,0.137,0.498,126.803
spotify:track:384Kl6cCskuawCZnEPIGrN,0.561,0.818,9,-5.347,1,0.267,0.0839,2.91e-05,0.205,0.376,133.949
spotify:track:5mCprFWOqe0jB96v9RhLBo,0.827,0.682,6,-7.111,0,0.0435,0.00048,0.0187,0.101,0.933,117.967
spotify:track:2vcfImyMOQjYhnKOVkjoIR,0.456,0.94,3,-3.334,0,0.0703,4.91e-05,0.000165,0.328,0.463,174.038
spotify:track:7i1pavASRUZk62ejaUIESa,0.385,0.62,1,-8.316,0,0.147,0.0815,0,0.352,0.415,75.564
spotify:track:3YO9uV2vhmC9Bnm2zhEkqb,0.556,0.453,0,-11.061,0,0.104,0.765,0.0161,0.116,0.399,84.693
spotify:track:2VUFlOjcXAEuvMOpQ6mz7Y,0.703,0.61,7,-5.254,1,0.416,0.683,0,0.0999,0.663,114.96
spotify:track:0A472qovEW32nP2G0mkJoe,0.477,0.275,5,-10.091,1,0.0675,0.908,4.79e-06,0.0909,0.263,72.717
spotify:track:3iGz75NJkqHubYUMRELLyP,0.61,0.318,8,-9.95,1,0.148,0.506,0.000617,0.102,0.214,109.491
spotify:track:3xaugmCyXrVkrDTXbFkMW3,0.552,0.65,1,-7.199,1,0.128,0.422,0.000275,0.372,0.316,167.788
spotify:track:0rKtyWc8bvkriBthvHKY8d,0.515,0.479,3,-7.458,1,0.0261,0.544,0.00598,0.191,0.284,88.964
spotify:track:6TodWdTSDfzwgYynTZSvJn,0.409,0.678,9,-7.731,1,0.0878,0.359,4.76e-06,0.167,0.168,89.968
spotify:track:50oEtTUNlce4TuZXQoJzXW,0.72,0.415,0,-9.527,1,0.354,0.834,1.01e-06,0.0893,0.235,94.88
spotify:track:6f7BE3VcZScJx6n3wsf5Z3,0.48,0.526,5,-7.099,1,0.275,0.071,0,0.0879,0.374,199.662
spotify:track:5LWDf5W3yMfEoF4uVdFY9a,0.778,0.488,1,-10.319,1,0.0647,0.352,4.48e-05,0.109,0.442,100.016
spotify:track:48WTGGIeSFD5ZMF51Rm4Y9,0.452,0.317,9,-9.403,0,0.0478,0.415,1.5e-05,0.184,0.272,59.561
spotify:track:4sGITH0OcJc0otrOVUl7PY,0.725,0.336,6,-11.586,1,0.0648,0.424,1.69e-06,0.481,0.364,99.923
spotify:track:5vMmRDWrRsogNA6xm916nq,0.519,0.635,5,-4.899,0,0.0447,0.567,0,0.349,0.129,137.327
spotify:track:2tJhsBdtaaD8SJF6m6xBvX,0.63,0.8,2,-10.504,1,0.0409,0.00312,0.779,0.105,0.159,127.002
spotify:track:2DeV4SryfbbEM1YgedzKP4,0.749,0.538,2,-8.96,1,0.034,0.32,0.855,0.0904,0.122,120.008
spotify:track:3sJCADvtbzgKPzEBHhHSLY,0.612,0.984,10,-7.645,0,0.0335,0.00322,0.889,0.112,0.398,124.877
spotify:track:2vzg8fnfAk6VESJQQYEc3K,0.549,0.689,7,-11.307,1,0.0392,0.687,0.873,0.103,0.318,178.995
spotify:track:0eHYHJ7tpSXYvka4zgejeG,0.338,0.703,1,-7.376,1,0.0649,0.171,0.767,0.3,0.69,167.993
spotify:track:4pxNdqnaxVlPWK6p2IuxSa,0.802,0.877,2,-10.327,1,0.0596,0.00148,0.909,0.117,0.0757,126.008
spotify:track:600B699NlvHEKx4Dna8W2o,0.642,0.733,6,-7.687,0,0.0551,0.0247,0.91,0.0888,0.202,128.998
spotify:track:3JKLzIREax7TgXqR5OBgw9,0.704,0.854,9,-5.824,1,0.0502,0.000398,0.881,0.125,0.252,128.023
spotify:track:6TcpM1p0xHy1smBjxEF73s,0.687,0.744,2,-8.085,1,0.0545,0.000189,0.875,0.0924,0.526,124.012
spotify:track:5DAjrJqXqYtgr67pVhmUeR,0.529,0.739,7,-9.578,0,0.0718,0.0237,0.607,0.171,0.138,124.75
spotify:track:6FccezsDrqmJZNrAEM3dGB,0.488,0.869,11,-3.182,0,0.0331,0.027,0,0.152,0.353,169.969
spotify:track:2BIe0r0ghtyoeinWcBgQky,0.645,0.861,9,-11.057,0,0.0508,0.0031,0.771,0.226,0.293,127.99
spotify:track:3b9MUQ7uiQHhU420B6f8Ta,0.805,0.529,7,-12.111,0,0.0378,0.000224,0.893,0.0844,0.714,121.004
spotify:track:0LJcP6ApERw0OvosstOdZm,0.758,0.746,7,-11.39,1,0.0639,0.0997,0.0613,0.151,0.212,142.994
spotify:track:3t462saypfWgBlj9cESaQc,0.698,0.856,7,-7.981,1,0.0381,0.0084,0.446,0.0616,0.676,127.01
spotify:track:7krY6FgUUGwTdvhD6kKBf7,0.462,0.857,3,-2.846,0,0.0379,0.00106,0.0804,0.239,0.512,173.021
spotify:track:38mFPR6JTtMywd4feWQJKL,0.564,0.834,10,-10.098,1,0.0571,0.000403,0.903,0.706,0.375,124.996
spotify:track:59xYro2oalqGgVkGPjsPvL,0.369,0.453,3,-8.442,0,0.148,0.387,0,0.121,0.235,84.079
spotify:track:4NA5kgAZbU4E2dj68y77po,0.458,0.724,6,-6.61,1,0.0498,0.0157,0,0.107,0.502,171.033
spotify:track:4dF0mDPTlpjThf1mJyK83B,0.447,0.263,5,-13.754,0,0.0342,0.828,0.0049,0.118,0.0721,147.161
spotify:track:6krNSTegkvGMmdIUOUEQH1,0.721,0.593,0,-4.768,0,0.0397,0.275,0,0.0714,0.721,145.025
spotify:track:39jPNpyS33FFAw6xsFvvmG,0.765,0.638,11,-4.548,0,0.13,0.199,0,0.669,0.626,113.981
spotify:track:5kYZbBLAGrrhFKNbOs6D95,0.437,0.873,9,-3.327,0,0.377,0.229,0,0.464,0.506,73.05
spotify:track:7Cu2COdH93MnuireuKNiS3,0.41,0.298,3,-11.796,1,0.0473,0.721,0,0.158,0.142,109.651
spotify:track:0PHwCbA310LLIMcSDpQbgF,0.48,0.717,0,-6.663,1,0.23,0.0625,0.000685,0.0814,0.335,109.756
spotify:track:4tJi4dodnpJ0MSKj2w6OkP,0.475,0.322,11,-7.401,0,0.0481,0.732,8.6e-06,0.107,0.269,76.604
spotify:track:1eTL8yocTmire9gpOn2H2g,0.385,0.692,9,-4.843,0,0.158,0.0242,0,0.11,0.3,155.794
spotify:track:6IF2P93LkyW4GqDQu1yS7H,0.582,0.375,1,-13.277,0,0.0329,0.702,0.0631,0.136,0.106,129.909
spotify:track:5zuLdVw8lWZRp4rYDOO6hE,0.511,0.317,10,-17.036,1,0.0366,0.365,0.00298,0.118,0.176,84.856
spotify:track:3DcyZi9DEe9k5BZYwqvb1T,0.673,0.45,11,-9.187,1,0.0366,0.634,8.15e-05,0.139,0.586,122.015
spotify:track:1TQXIltqoZ5XXyfCbAeSQQ,0.629,0.327,11,-8.285,1,0.029,0.761,2.96e-05,0.103,0.381,74.953
spotify:track:2is19a6HY7ZdWP654IMhEE,0.402,0.151,4,-14.227,0,0.0395,0.907,0,0.0941,0.483,144.293
spotify:track:2hSwwIRD8sahfwQGjFdixz,0.391,0.415,0,-11.665,1,0.0398,0.573,0.00188,0.242,0.0789,99.035
spotify:track:1RMJOxR6GRPsBHL8qeC2ux,0.524,0.364,7,-10.209,1,0.0367,0.808,0,0.1,0.436,75.24
spotify:track:6b2RcmUt1g9N9mQ3CbjX2Y,0.477,0.682,1,-4.931,0,0.0925,0.153,0,0.0763,0.345,110.567
spotify:track:7zFXmv6vqI4qOt4yGf3jYZ,0.658,0.294,4,-8.533,0,0.0321,0.422,5.2e-05,0.0749,0.358,74.038
spotify:track:2qxmye6gAegTMjLKEBoR3d,0.652,0.557,1,-5.714,0,0.0318,0.74,0,0.124,0.483,150.073
spotify:track:6gBFPUFcJLzWGx4lenP6h2,0.841,0.728,7,-3.37,1,0.0484,0.0847,0,0.149,0.43,130.049
spotify:track:7lAK3oHbfEnvUQWosrMMpR,0.785,0.554,0,-6.571,1,0.0409,0.283,3.4e-06,0.116,0.144,128.047
spotify:track:2xLMifQCjDGFmkHkpNLD9h,0.834,0.73,8,-3.714,1,0.222,0.00513,0,0.124,0.446,155.008
spotify:track:7DcvwMAiqKJQD1rrdfxSDx,0.796,0.586,4,-6.946,0,0.147,0.0247,0,0.132,0.179,97.981
spotify:track:78QR3Wp35dqAhFEc2qAGjE,0.897,0.662,1,-6.903,0,0.292,0.0852,0,0.534,0.389,112.511
spotify:track:7KVPsVMOK3NL7subwJ0dZj,0.916,0.756,0,-7.653,1,0.188,0.0942,0,0.23,0.756,115.69
spotify:track:2f2NroKTKRzanmFhjFbGLV,0.569,0.713,6,-7.169,1,0.0324,0.017,0.000113,0.0862,0.493,108.004
spotify:track:1l0Wqi6wcuo75Dc0Vi1EQn,0.425,0.169,6,-15.217,0,0.0311,0.706,0.335,0.0934,0.0766,142.525
spotify:track:19mC6xktT1JyyycK6cQaXA,0.492,0.956,5,-4.186,1,0.0472,0.00892,0.872,0.288,0.36,126.968
spotify:track:2acK24b60RQD2zBpW0Zsrw,0.716,0.914,7,-6.907,0,0.0341,0.00542,0.000218,0.0504,0.69,118.579
spotify:track:66tVQAjnbJD0Wgdciwy5JW,0.596,0.757,10,-5.966,0,0.0335,0.0186,0.00436,0.0918,0.282,120.017
spotify:track:5KX2DSPC6aCA0pdDidTmBC,0.471,0.484,9,-9.414,0,0.0317,0.925,0.499,0.0987,0.236,74.982
spotify:track:0KWcRXcnGoB0gWSu4mshF8,0.663,0.774,0,-5.157,1,0.0863,0.113,0.112,0.462,0.681,102.982
spotify:track:6VNooTY5w9A9wg1YUsEbKB,0.697,0.578,9,-5.213,0,0.095,0.393,0.379,0.106,0.3,114.995
spotify:track:2k9N4caeCIJLOWwWwssrEM,0.772,0.256,7,-8.545,0,0.0481,0.491,0.00612,0.144,0.357,118.902
spotify:track:3DNsBFRbQWxygrn4UsqvTF,0.426,0.397,4,-9.089,0,0.0546,0.67,0,0.109,0.335,87.424
spotify:track:2I88NEWpKrAPZuapXNV5G6,0.605,0.553,10,-10.845,0,0.101,0.274,0.0152,0.184,0.62,152.076
spotify:track:3jCVbYlg9yXcTLEcN7PIL4,0.621,0.588,7,-11.937,1,0.0911,0.0147,1.24e-05,0.308,0.83,78.048
spotify:track:5XkyZyKMdFungjDb9cUKc3,0.804,0.498,8,-7.387,0,0.0571,0.339,0.000236,0.18,0.704,105.008
spotify:track:4c1WgUnHXq2LEncGHKgj1I,0.735,0.74,0,-3.837,0,0.0519,0.0967,0,0.101,0.541,141.948
spotify:track:18gcopzbu2DjQjR2DI5pE8,0.288,0.215,11,-13.12,1,0.0628,0.969,0.0181,0.0957,0.137,75.774
spotify:track:6zcARpNpbhakJqS7pcXPfM,0.245,0.12,0,-14.284,1,0.0326,0.942,0.00406,0.11,0.0379,72.611
spotify:track:6TqXcAFInzjp0bODyvrWEq,0.901,0.4,0,-8.575,1,0.126,0.051,0,0.0599,0.346,135.984
spotify:track:3NxuezMdSLgt4OwHzBoUhL,0.745,0.739,10,-4.591,1,0.0327,0.405,0.000183,0.127,0.556,99.913
spotify:track:2qXicQG06oT0ijKBznpgQv,0.745,0.477,11,-7.706,0,0.088,0.202,0,0.12,0.454,136.055
spotify:track:7vRriwrloYVaoAe3a9wJHe,0.492,0.275,6,-13.4,0,0.3,0.687,0,0.101,0.18,92.6
spotify:track:7FGq80cy8juXBCD2nrqdWU,0.632,0.686,6,-7.665,0,0.243,0.549,0,0.2,0.329,89.949
spotify:track:7ef4DlsgrMEH11cDZd32M6,0.791,0.862,9,-3.24,0,0.11,0.037,2.19e-05,0.0814,0.592,123.994
spotify:track:5Ta0BuVhRMSrebPd89wv01,0.613,0.47,2,-8.13,0,0.149,0.122,0,0.108,0.318,167.652
spotify:track:4HwDCXsMBC7SUdp2WT4MZP,0.518,0.572,10,-6.706,0,0.0416,0.0503,2.41e-05,0.129,0.291,130.053
spotify:track:6OtjKr7zn85Krff67wJuxJ,0.632,0.273,0,-9.987,1,0.0274,0.441,0.0832,0.115,0.196,76.006
spotify:track:1Cx0oizrbPnN23acLgyjSR,0.464,0.433,6,-10.611,0,0.0516,0.496,0.000208,0.116,0.372,144.957
spotify:track:0CZ8lquoTX2Dkg7Ak2inwA,0.6,0.535,4,-7.043,1,0.107,0.648,4.7e-06,0.162,0.269,71.912
spotify:track:6N0uDUUQRQd7lIIFU2aaEQ,0.584,0.566,1,-7.395,1,0.0395,0.456,0,0.107,0.204,128.037
spotify:track:6EFsue2YbIG4Qkq8Zr9Rir,0.745,0.704,9,-7.137,1,0.146,0.262,0,0.333,0.489,100.031
spotify:track:79ptYtWnpAnsQutzg2xSFk,0.689,0.512,1,-6.206,1,0.0509,0.346,2.07e-06,0.106,0.619,90.091
spotify:track:1N5j9dRZ3foNWwU4Zp0pbq,0.441,0.57,2,-6.186,1,0.0553,0.321,0,0.0862,0.229,122.329
spotify:track:7yVjKxpZ0FtIr8shugrsv1,0.849,0.375,1,-8.202,1,0.0488,0.0472,0,0.0489,0.788,123.678
spotify:track:5hmO72DpMfddRFBbVdPoEX,0.354,0.33,0,-9.835,0,0.0526,0.145,0.00604,0.273,0.0554,173.664
spotify:track:5fohLPNqO6TqwrZ7BoUWUT,0.465,0.403,11,-8.895,0,0.0755,0.744,0.000667,0.0777,0.0687,74.95
spotify:track:3TPFIrjJ8fgvGGHMjuy2HP,0.267,0.248,9,-11.62,1,0.0488,0.971,0.00118,0.367,0.17,70.718
spotify:track:1zCi4cVFqe6ja16MeGZKRN,0.779,0.572,6,-9.985,0,0.378,0.157,0,0.246,0.647,135.956
spotify:track:1bxEpNR75Hq3T2oF9AZjt8,0.406,0.798,11,-5.585,0,0.432,0.26,0,0.461,0.58,71.547
spotify:track:1TSxLktSlIdEsjTGWB4Fub,0.404,0.587,9,-11.172,0,0.156,0.165,0.00267,0.231,0.103,120.047
spotify:track:1YmKdg7Lnuox0gCd93aq0I,0.291,0.474,2,-6.047,1,0.0289,0.0753,0.00699,0.0976,0.186,130.586
spotify:track:7GyDcM22nxCJHcQa11fbYk,0.819,0.681,8,-6.423,1,0.0308,0.0336,2.08e-06,0.1,0.93,108.989
spotify:track:53iRFWU7bpV3ro3kzZYLCF,0.532,0.906,3,-2.665,0,0.0375,4.24e-05,2.83e-05,0.199,0.294,139.967
spotify:track:44hwFndSJX3t9SiXqwh0Ki,0.408,0.935,10,-5.306,0,0.129,0.000374,0.633,0.122,0.254,161.934
spotify:track:42K3nPa3CNN5WXebzR78bY,0.626,0.825,0,-5.051,1,0.0315,0.136,0,0.094,0.308,119.991
spotify:track:6oVPlkdJHXOHXauconNZQX,0.521,0.566,5,-10.667,0,0.093,0.313,0.652,0.144,0.199,82.321
spotify:track:05Ez6KwjICkscWQVTsT3f5,0.563,0.401,5,-9.073,1,0.0243,0.415,0.00305,0.158,0.277,139.863
spotify:track:2d2SZkpCI2GFchnxTm4l57,0.67,0.718,6,-9.094,0,0.256,0.166,0,0.157,0.256,133.575
spotify:track:3v9fhN8ttoeH9AvpCi3IVM,0.646,0.825,11,-8.302,0,0.0507,0.0394,0.00101,0.26,0.378,143.956
spotify:track:7GhF1JPTWv3kaRJxAVHOFM,0.734,0.842,10,-5.0,0,0.235,0.234,0,0.425,0.469,129.87
spotify:track:1d6JUM54S33y49mW3C20Sm,0.582,0.754,9,-5.191,1,0.0379,0.264,0,0.0744,0.694,127.464
spotify:track:3MPuDB7cP8UxDyWRRvex5I,0.65,0.2,0,-15.123,1,0.0331,0.837,0.000205,0.095,0.722,159.867
spotify:track:3qnUqdzB7fjJOKrooVPX4k,0.437,0.863,11,-5.28,0,0.0941,0.00302,0,0.144,0.233,194.073
spotify:track:35LDid9nvuYrUyZk5qGD0i,0.664,0.734,5,-8.024,1,0.0343,0.033,0.0404,0.0801,0.84,101.348
spotify:track:1IdTIzkTK6CcpKKgMUGbg7,0.882,0.478,4,-10.386,1,0.0304,0.476,0.00581,0.0737,0.802,97.81
spotify:track:2jdAk8ATWIL3dwT47XpRfu,0.668,0.361,1,-8.69,0,0.0273,0.573,0.00506,0.0805,0.288,134.15
spotify:track:0bYDebBlQxsDR4hCgbbpOW,0.517,0.344,9,-9.925,1,0.0303,0.818,0.00809,0.0763,0.279,75.285
spotify:track:5imShWWzwqfAJ9gXFpGAQh,0.577,0.756,2,-5.82,1,0.115,0.159,0.000232,0.249,0.663,176.75
spotify:track:7peh6LUcdNPcMdrSH4JPsM,0.842,0.384,9,-11.384,0,0.0354,0.638,0.000505,0.0998,0.604,84.026
spotify:track:3SktMqZmo3M9zbB7oKMIF7,0.764,0.326,7,-9.883,1,0.0342,0.731,0.0013,0.24,0.237,123.98
spotify:track:78DwRIo6Vj6wqteyerGetr,0.496,0.238,1,-11.026,1,0.0301,0.958,0.0109,0.0875,0.349,175.96
spotify:track:3E6iea9uEmB7gRru4lyP6h,0.619,0.437,7,-11.756,1,0.0314,0.465,0.00609,0.0971,0.406,89.511
spotify:track:50DMG6AvtNzbrxMc62w6ph,0.439,0.591,1,-6.407,1,0.0419,0.0993,0.00225,0.0718,0.397,125.893
spotify:track:7keXdrB4mz57u4b8YkCwag,0.608,0.351,0,-9.316,1,0.03,0.557,0.00892,0.201,0.157,135.976
spotify:track:7MRn6wgG0ReDRNYV5wJeGX,0.425,0.588,2,-6.721,1,0.0293,0.0538,0.00144,0.0697,0.395,145.079
spotify:track:4QfbfUo5nI1rX8nncwLVEE,0.684,0.965,6,-2.556,0,0.0735,0.0629,0,0.134,0.969,143.959
spotify:track:7xlIrLvCs7digqxVI3LKMM,0.749,0.531,7,-6.636,1,0.0324,0.0549,0,0.237,0.317,97.022
spotify:track:7sT621Iv8V6bMv6Z5B16PO,0.668,0.925,1,-5.204,0,0.0901,0.135,4.55e-06,0.983,0.352,120.049
spotify:track:2RjpDxBii8EvC6p6wxwCSz,0.662,0.908,1,-4.764,0,0.0449,0.0506,0,0.0508,0.967,149.941
spotify:track:0dHF8t7OIhgPele5WRUfWG,0.394,0.228,4,-12.584,1,0.0431,0.966,3.81e-05,0.113,0.258,104.625
spotify:track:3cBtANnJGopPaRMXCl3mV7,0.613,0.314,1,-9.575,1,0.031,0.975,8.41e-06,0.0946,0.421,132.776
spotify:track:1650yatyByhD11nXbD8ktd,0.45,0.257,4,-9.449,1,0.0533,0.952,0,0.159,0.366,100.24
spotify:track:4l6jbCPBQSD9z6C5nScjCd,0.399,0.211,0,-12.976,1,0.0448,0.957,0,0.0672,0.316,133.279
spotify:track:1qTEnu5RjWOXbyPejfMhVj,0.286,0.222,0,-11.683,0,0.0581,0.97,1.33e-06,0.111,0.209,205.726
spotify:track:2XiqsYPmKLqjOigE3HmfXb,0.333,0.436,7,-9.735,1,0.029,0.876,0.0179,0.0808,0.149,140.011
spotify:track:5uq3x8Pg8HAj8qNwPFOzfl,0.224,0.387,0,-9.022,1,0.0287,0.532,0.00548,0.0689,0.0395,104.566
spotify:track:09MdiypXlcb1kohV3cO03p,0.413,0.202,4,-14.05,1,0.0444,0.951,0,0.125,0.266,128.767
spotify:track:3HYXqOAm2Q8b2OyYqzv8d4,0.71,0.827,0,-5.244,1,0.032,0.0437,1.28e-05,0.0896,0.833,110.003
spotify:track:21Go4aMyLGP40ANI3TU0Fn,0.708,0.779,7,-6.28,1,0.0787,0.421,0.00176,0.115,0.46,142.012
spotify:track:4GrOV18KKdZnc3jcfvMDgk,0.46,0.604,2,-8.303,1,0.0591,0.837,0.153,0.119,0.664,78.54
spotify:track:6dfJBFmSX9dRN6FhEtaJd2,0.637,0.705,1,-7.575,0,0.294,0.357,0,0.325,0.422,93.584
spotify:track:7vugjA0BxBUIRqrdRjncBx,0.564,0.594,5,-7.334,0,0.0292,0.0852,2.04e-06,0.429,0.545,88.501
spotify:track:738J023eio9C4ViccIAQnD,0.591,0.744,11,-3.294,0,0.0387,0.0191,0,0.0981,0.439,125.153
spotify:track:2NvJ4gxNHy4irhjWGNOP6k,0.381,0.33,3,-15.159,0,0.121,0.854,0.00068,0.225,0.225,77.772
spotify:track:0jHuggE1BEu6e278g8JxbL,0.268,0.391,1,-5.985,1,0.0308,0.882,0.00592,0.15,0.137,86.77
spotify:track:0jhukQEMC1yj47NetTlDBJ,0.465,0.69,1,-9.782,0,0.0297,0.0105,0,0.183,0.836,136.275
spotify:track:16XNMRA2Mu2xsEJtDSVZuy,0.352,0.796,0,-7.109,1,0.0374,0.0493,0,0.226,0.924,204.225
spotify:track:6zOcJQreuf9EEbuuxT8aHN,0.431,0.385,2,-10.901,1,0.0261,0.541,0,0.335,0.466,94.261
spotify:track:1By97L6ge5FLBMD3PT6jXo,0.501,0.976,5,-4.471,1,0.0551,9.24e-05,0.0626,0.035,0.482,109.994
spotify:track:0293bTPojlkLvyr8ojc74y,0.752,0.694,5,-5.385,1,0.062,0.312,0.0348,0.0577,0.869,167.263
spotify:track:5nWbbQ0sIEabqPxAdqmh66,0.54,0.804,2,-7.112,1,0.0425,0.078,0.171,0.115,0.347,129.088
spotify:track:56vZZgYpNhIEwEpMkBui46,0.615,0.412,10,-10.742,1,0.0435,0.858,0.00477,0.137,0.425,133.365
spotify:track:0mqY9ZkUmc5ZH5uRkpqBWO,0.73,0.479,8,-10.34,1,0.0363,0.229,0.00273,0.0707,0.795,88.742
spotify:track:1yq1taCTc0NemVQmdDEmlg,0.485,0.172,4,-17.095,1,0.0336,0.907,0.0745,0.109,0.593,143.129
spotify:track:12OfhDq4NNJnV1LKSRaQOD,0.471,0.739,2,-6.983,1,0.0751,0.41,0.291,0.401,0.354,100.594
spotify:track:4l8JldeQzin1YTymhzsw5T,0.463,0.739,4,-4.311,1,0.0335,0.0181,1.2e-06,0.222,0.348,131.605
spotify:track:3NxJhRiMCo1hyMsnJ9vp06,0.844,0.437,5,-9.506,1,0.0288,0.513,0.109,0.0829,0.877,110.973
spotify:track:3XcYPyuk0BwiB4w6tgKpOC,0.454,0.31,0,-10.062,1,0.0271,0.54,0.0238,0.112,0.274,100.447
spotify:track:2uFnBffkiLcEbNHiI3ayBE,0.678,0.842,2,-5.247,1,0.176,0.187,0.000247,0.228,0.743,133.999
spotify:track:6WNqOfvfqmbyCk23ejRBwO,0.717,0.499,5,-7.123,1,0.0478,0.499,0,0.071,0.541,81.995
spotify:track:6x69yrZAJvsYxhk0CJS4uT,0.59,0.451,4,-8.194,1,0.0417,0.336,0,0.103,0.334,129.729
spotify:track:6o6BDZSsiWPL8e3k2VvetD,0.377,0.255,4,-8.739,1,0.0563,0.945,3.12e-06,0.104,0.393,77.205
spotify:track:0fioLzGM8ngbD1w6fMmm45,0.453,0.496,5,-5.785,1,0.0453,0.554,2.65e-05,0.0772,0.501,80.994
spotify:track:0muB5NEjvNpo9MVNVDXbku,0.247,0.162,8,-14.173,1,0.0459,0.937,5.47e-05,0.108,0.264,182.908
spotify:track:05ZVTnFGjDTnzQHMxK0Bir,0.5,0.819,0,-4.548,1,0.0729,0.0607,0,0.0709,0.679,160.125
spotify:track:3scVMDajY2Eb3nzyGT7HWC,0.568,0.569,7,-6.013,0,0.0329,0.0004,0.102,0.342,0.266,72.991
spotify:track:03XjpGGdsIPouALXem2Cku,0.738,0.284,9,-12.0,1,0.0425,0.445,0.00129,0.119,0.461,65.977
spotify:track:0EUSbTvyZfo9QOcxunL9Ro,0.368,0.44,4,-11.486,1,0.0294,0.713,8.83e-05,0.966,0.285,91.799
spotify:track:4cFzMdlThB5hkWj9cgsmqL,0.657,0.558,2,-6.51,1,0.179,0.741,0,0.154,0.951,87.713
spotify:track:21nHVGfxQJQMTOi6Rg35dd,0.428,0.582,7,-7.703,1,0.0293,0.485,0,0.131,0.431,91.974
spotify:track:68ABBreS3qqAFsroDnDVx3,0.581,0.543,1,-8.22,0,0.0353,0.218,0,0.12,0.401,72.991
spotify:track:5DazV5viPRaEq95p6i0Fyg,0.341,0.873,4,-3.917,1,0.0587,0.000384,1.33e-05,0.327,0.593,169.927
spotify:track:5J4ZkQpzMUFojo1CtAZYpn,0.472,0.714,1,-4.389,0,0.0334,0.00937,0,0.0764,0.24,98.992
spotify:track:7ALocsnSAmnpZ3Uw9WP1Hz,0.433,0.273,8,-15.971,1,0.0457,0.609,2.53e-06,0.142,0.481,202.974
spotify:track:0CoM8prDI39VQ39dLnBfZx,0.632,0.549,1,-6.478,1,0.0568,0.247,0,0.299,0.615,144.955
spotify:track:5trvqRdUcKuc0DDgrDksJQ,0.471,0.285,6,-10.944,1,0.0357,0.841,0,0.0819,0.384,140.09
spotify:track:0HLWvLKQWpFdPhgk6ym58n,0.584,0.509,2,-13.109,1,0.0287,0.267,0.00252,0.36,0.367,90.457
spotify:track:6atVS7UZBxoyJkkteM62u5,0.666,0.713,2,-3.551,1,0.0384,0.172,0.032,0.177,0.491,94.71
spotify:track:1ptE7qQ0Bye8udglbz9UmZ,0.698,0.868,0,-4.935,1,0.0524,0.000561,0.0349,0.359,0.813,120.011
spotify:track:5C4MXy953cdZfppoil8X4X,0.482,0.814,4,-9.731,1,0.248,0.188,0,0.679,0.723,156.38
spotify:track:46moTNsGydR2SEgHZuRe8R,0.724,0.538,0,-8.041,1,0.0381,0.0408,0.0139,0.0343,0.282,108.945
spotify:track:3U1TuSqHIubBA10cVP7Sk6,0.632,0.638,7,-6.731,1,0.0505,0.137,0,0.125,0.574,121.868
spotify:track:5ufmXqULgMsDIDSkSaXw1E,0.588,0.762,8,-4.661,1,0.0523,0.00234,0.000218,0.051,0.452,125.776
spotify:track:3OIcwEw520Kp2mpDNFpZuG,0.691,0.756,1,-3.797,1,0.0354,0.0109,0,0.0671,0.106,104.061
spotify:track:2ZZQWecPCMvtj5M9b3bjys,0.598,0.565,11,-7.764,0,0.0471,0.0108,0.0471,0.307,0.328,92.126
spotify:track:3pcj5YHe8Qx5ZS1O5a9pmJ,0.602,0.517,10,-7.605,1,0.0399,0.486,0,0.117,0.456,119.198
spotify:track:08kTO4EW0jb07zNsCNM83w,0.281,0.779,7,-5.104,1,0.0514,0.0437,0,0.37,0.344,167.172
spotify:track:3zcmWxxUA7Em7X3IBqZGUo,0.439,0.906,3,-4.8,1,0.0439,0.0193,0,0.373,0.687,161.905
spotify:track:6j7hih15xG2cdYwIJnQXsq,0.63,0.894,10,-4.592,1,0.0544,0.255,0,0.181,0.364,142.051
spotify:track:2U2AVD0mAW5qSqajTMSu9y,0.727,0.892,10,-5.551,1,0.0312,0.06,0,0.12,0.611,117.969
spotify:track:2bbhyUWJ5VjdfI3P4PRLu2,0.49,0.193,11,-9.544,1,0.0421,0.862,9.74e-06,0.113,0.184,89.154
spotify:track:341863z079BT4EFPiSw9DP,0.58,0.101,10,-15.661,1,0.0289,0.934,0.000302,0.0768,0.302,91.003
spotify:track:7suXfwkW9Cg9fBS3San5T5,0.372,0.15,9,-10.954,0,0.0498,0.957,0.00115,0.142,0.211,209.528
spotify:track:0N9WhEz6DiBDvBxa6uJCTY,0.665,0.446,1,-11.884,1,0.0439,0.57,0.000669,0.082,0.172,141.94
spotify:track:4fQJu2ltQFLQb8D7apKZNA,0.525,0.507,9,-8.534,1,0.0263,0.307,5.07e-06,0.0787,0.24,91.069
spotify:track:4ElMgoPvQeMDrlIl6va7gZ,0.518,0.666,0,-5.306,1,0.0313,0.0382,2.47e-05,0.289,0.253,130.048
spotify:track:5uNEaSgkkPw6vLCUh3KsdQ,0.432,0.664,7,-4.662,1,0.0302,0.215,0,0.15,0.294,156.216
spotify:track:1KGU8NoWemAXIgfFoenfzk,0.182,0.337,8,-9.528,1,0.0307,0.909,0.000196,0.113,0.264,178.216
spotify:track:1inLD2gewCeiAjKrE9yzH2,0.417,0.315,11,-6.79,1,0.0318,0.877,0,0.0974,0.288,135.392
spotify:track:1Jc3tGa11ITNgph0yewlqn,0.763,0.428,6,-13.486,0,0.032,0.354,0.0889,0.106,0.474,117.938
spotify:track:4LloVtxNZpeh7q7xdi1DQc,0.315,0.296,5,-13.262,1,0.0317,0.771,0,0.702,0.436,172.638
spotify:track:7cpCU3Denug5NGZsSpQl8v,0.431,0.377,2,-9.753,1,0.0288,0.749,0,0.211,0.353,173.67
spotify:track:4gs07VlJST4bdxGbBsXVue,0.624,0.554,2,-8.113,1,0.0225,0.191,0.00131,0.299,0.311,97.031
spotify:track:7hR5toSPEgwFZ78jfHdANM,0.681,0.593,5,-9.327,1,0.0251,0.435,0.000117,0.106,0.731,115.058
spotify:track:46X8c9qJzpBLYcos3OX0CE,0.619,0.521,3,-8.092,0,0.0744,0.26,0.000542,0.101,0.254,139.886
spotify:track:5EpP1lwkAnOAKbfAHUNJkI,0.387,0.626,1,-7.134,0,0.0344,0.242,0.0012,0.11,0.316,139.724
spotify:track:2Io0MxW6atyfMzXLyCh4aV,0.541,0.849,0,-3.784,1,0.0363,0.0965,0,0.208,0.686,120.046
spotify:track:5rIxo92Hc9q6cgDBV0ju78,0.532,0.476,0,-5.769,1,0.031,0.778,0,0.135,0.293,143.846
spotify:track:2YlZnw2ikdb837oKMKjBkW,0.63,0.53,0,-7.259,1,0.0434,0.4,0,0.177,0.417,108.038
spotify:track:5P7MbXUShunurTTYAjPZjX,0.806,0.479,4,-6.615,1,0.0389,0.394,2.18e-06,0.201,0.633,99.022
spotify:track:2PIvq1pGrUjY007X5y1UpM,0.659,0.381,2,-5.922,0,0.0304,0.385,0,0.0972,0.426,119.844
spotify:track:0PGG2r9vGUgRCkLHW6BdbV,0.46,0.662,7,-7.224,0,0.0426,0.661,0.0142,0.111,0.132,139.959
spotify:track:3FerxZiiAtj2SHpuHkPNdp,0.753,0.292,9,-11.866,0,0.045,0.754,0.0003,0.114,0.106,124.679
spotify:track:3aWe6p3qrsVjO4HFNih7Vc,0.639,0.601,11,-11.05,0,0.0328,0.573,0.825,0.127,0.756,100.0
spotify:track:6IdQwdngrfUKWmB4ucQ4OD,0.76,0.756,1,-5.153,1,0.252,0.334,0,0.0817,0.479,141.822
spotify:track:5ZwPh4nNgNChn3b5ZAXhzA,0.682,0.556,5,-7.362,0,0.0276,0.0314,0.00396,0.153,0.601,140.038
spotify:track:7EW9uZzfHF0akNCtYjkMJ2,0.866,0.637,0,-7.023,0,0.097,0.0259,0,0.19,0.342,110.053
